run_id,wall_time,elapsed_s,phase,step,mode,vx,vy,vxy,yaw,policy_vx,policy_vy,policy_vxy,policy_yaw,speed,imu,gravity_x,gravity_y,gravity_z,imu_roll_deg,imu_pitch_deg,imu_correction_abs_max,act_max,tau_cmd,tau_cmd_max,cmds,bus_counts,tau_fb,tau_fb_max,fault_reason,policy_joint_order,policy_sha256,compact_line,obs_000,obs_001,obs_002,obs_003,obs_004,obs_005,obs_006,obs_007,obs_008,obs_009,obs_010,obs_011,obs_012,obs_013,obs_014,obs_015,obs_016,obs_017,obs_018,obs_019,obs_020,obs_021,obs_022,obs_023,obs_024,obs_025,obs_026,obs_027,obs_028,obs_029,obs_030,obs_031,obs_032,obs_033,obs_034,obs_035,obs_036,obs_037,obs_038,obs_039,obs_040,obs_041,obs_042,obs_043,obs_044,obs_045,obs_046,obs_047,action_00,action_01,action_02,action_03,action_04,action_05,action_06,action_07,action_08,action_09,action_10,action_11,sent_action_00,sent_action_01,sent_action_02,sent_action_03,sent_action_04,sent_action_05,sent_action_06,sent_action_07,sent_action_08,sent_action_09,sent_action_10,sent_action_11,q_00,q_01,q_02,q_03,q_04,q_05,q_06,q_07,q_08,q_09,q_10,q_11,qd_00,qd_01,qd_02,qd_03,qd_04,qd_05,qd_06,qd_07,qd_08,qd_09,qd_10,qd_11,q_target_00,q_target_01,q_target_02,q_target_03,q_target_04,q_target_05,q_target_06,q_target_07,q_target_08,q_target_09,q_target_10,q_target_11,qd_target_00,qd_target_01,qd_target_02,qd_target_03,qd_target_04,qd_target_05,qd_target_06,qd_target_07,qd_target_08,qd_target_09,qd_target_10,qd_target_11
20260708_183055_932857,2026-07-08T18:30:55.940,0.007693,policy,0,policy,0.0,0.0,0.0,-0.800000011920929,0.0,0.0,0.0,-0.800000011920929,1.0,fake,0.0,0.0,-1.0,-0.0,0.0,0.0,4.220832347869873,0.0,0.0,12,back:06 front:06,,,,"BL_hip_joint,BR_hip_joint,FL_hip_joint,FR_hip_joint,BL_thigh_joint,BR_thigh_joint,FL_thigh_joint,FR_thigh_joint,BL_calf_joint,BR_calf_joint,FL_calf_joint,FR_calf_joint",330e02f2406e129bb6ed6ec4a6c6bcd5f80d7e7799a2ab087e81eda65d2fae69,"step=000000 mode=policy vx= 0.000 vy= 0.000 vxy= 0.000 yaw=-0.800 speed=1.00 imu=fake tilt_rp=[-0.0,+0.0]deg imu_corr=0.000 act_max= 4.221 tau_cmd= 0.000 tau_cmd_max= 0.000 cmds=12 bus=back:06 front:06 tau_fb=na tau_fb_max=na",0.0,0.0,0.0,0.0,0.0,0.0,0.0,0.0,-1.0,0.0,0.0,-0.800000011920929,0.0,0.0,0.0,0.0,0.0,0.0,0.0,0.0,0.0,0.0,0.0,0.0,0.0,0.0,0.0,0.0,0.0,0.0,0.0,0.0,0.0,0.0,0.0,0.0,0.0,0.0,0.0,0.0,0.0,0.0,0.0,0.0,0.0,0.0,0.0,0.0,4.220832347869873,1.237717628479004,-0.006844634190201759,3.2922616004943848,0.47215765714645386,0.6357360482215881,0.5571756362915039,0.5045911073684692,-0.7936476469039917,0.06888063251972198,0.04483449459075928,0.6458157300949097,4.220832347869873,1.237717628479004,-0.006844634190201759,3.2922616004943848,0.47215765714645386,0.6357360482215881,0.5571756362915039,0.5045911073684692,-0.7936476469039917,0.06888063251972198,0.04483449459075928,0.6458157300949097,0.0,0.0,0.0,0.0,0.0,0.0,0.0,0.0,0.0,0.0,0.0,0.0,0.0,0.0,0.0,0.0,0.0,0.0,0.0,0.0,0.0,0.0,0.0,0.0,1.0552080869674683,0.309429407119751,-0.0017111585475504398,0.8230654001235962,0.11803941428661346,0.15893401205539703,0.13929390907287598,0.1261477768421173,0.0,0.0,0.01120862364768982,0.0,0.0,0.0,0.0,0.0,0.0,0.0,0.0,0.0,0.0,0.0,0.0,0.0
20260708_183055_932857,2026-07-08T18:30:55.950,0.017439,policy,1,policy,0.0,0.0,0.0,-0.800000011920929,0.0,0.0,0.0,-0.800000011920929,1.0,fake,0.0,0.0,-1.0,-0.0,0.0,0.0,19.419137954711914,0.0,0.0,12,back:06 front:06,,,,"BL_hip_joint,BR_hip_joint,FL_hip_joint,FR_hip_joint,BL_thigh_joint,BR_thigh_joint,FL_thigh_joint,FR_thigh_joint,BL_calf_joint,BR_calf_joint,FL_calf_joint,FR_calf_joint",330e02f2406e129bb6ed6ec4a6c6bcd5f80d7e7799a2ab087e81eda65d2fae69,"step=000001 mode=policy vx= 0.000 vy= 0.000 vxy= 0.000 yaw=-0.800 speed=1.00 imu=fake tilt_rp=[-0.0,+0.0]deg imu_corr=0.000 act_max= 19.419 tau_cmd= 0.000 tau_cmd_max= 0.000 cmds=12 bus=back:06 front:06 tau_fb=na tau_fb_max=na",0.0,0.0,0.0,0.0,0.0,0.0,0.0,0.0,-1.0,0.0,0.0,-0.800000011920929,1.0552080869674683,0.309429407119751,-0.0017111585475504398,0.8230654001235962,0.11803941428661346,0.15893401205539703,0.13929390907287598,0.1261477768421173,0.0,0.0,0.01120862364768982,0.0,105.52081298828125,30.942941665649414,-0.17111586034297943,82.3065414428711,11.80394172668457,15.893401145935059,13.929390907287598,12.614777565002441,0.0,0.0,1.120862364768982,0.0,4.220832347869873,1.237717628479004,-0.006844634190201759,3.2922616004943848,0.47215765714645386,0.6357360482215881,0.5571756362915039,0.5045911073684692,-0.7936476469039917,0.06888063251972198,0.04483449459075928,0.6458157300949097,-11.245898246765137,19.419137954711914,13.863934516906738,-9.034385681152344,3.6818630695343018,1.0212398767471313,2.363939046859741,2.331326484680176,-5.942745685577393,0.9384858012199402,-3.611985683441162,-12.483942985534668,-11.245898246765137,19.419137954711914,13.863934516906738,-9.034385681152344,3.6818630695343018,1.0212398767471313,2.363939046859741,2.331326484680176,-5.942745685577393,0.9384858012199402,-3.611985683441162,-12.483942985534668,1.0552080869674683,0.309429407119751,-0.0017111585475504398,0.8230654001235962,0.11803941428661346,0.15893401205539703,0.13929390907287598,0.1261477768421173,0.0,0.0,0.01120862364768982,0.0,105.52081298828125,30.942941665649414,-0.17111586034297943,82.3065414428711,11.80394172668457,15.893401145935059,13.929390907287598,12.614777565002441,0.0,0.0,1.120862364768982,0.0,-1.5,1.5,1.5,-1.5,0.9204657673835754,0.25530996918678284,0.5909847617149353,0.582831621170044,0.0,0.0,0.0,-2.0,0.0,0.0,0.0,0.0,0.0,0.0,0.0,0.0,0.0,0.0,0.0,0.0
20260708_183055_932857,2026-07-08T18:30:55.960,0.027318,policy,2,policy,0.0,0.0,0.0,-0.800000011920929,0.0,0.0,0.0,-0.800000011920929,1.0,fake,0.0,0.0,-1.0,-0.0,0.0,0.0,72.78677368164062,0.0,0.0,12,back:06 front:06,,,,"BL_hip_joint,BR_hip_joint,FL_hip_joint,FR_hip_joint,BL_thigh_joint,BR_thigh_joint,FL_thigh_joint,FR_thigh_joint,BL_calf_joint,BR_calf_joint,FL_calf_joint,FR_calf_joint",330e02f2406e129bb6ed6ec4a6c6bcd5f80d7e7799a2ab087e81eda65d2fae69,"step=000002 mode=policy vx= 0.000 vy= 0.000 vxy= 0.000 yaw=-0.800 speed=1.00 imu=fake tilt_rp=[-0.0,+0.0]deg imu_corr=0.000 act_max= 72.787 tau_cmd= 0.000 tau_cmd_max= 0.000 cmds=12 bus=back:06 front:06 tau_fb=na tau_fb_max=na",0.0,0.0,0.0,0.0,0.0,0.0,0.0,0.0,-1.0,0.0,0.0,-0.800000011920929,-1.5,1.5,1.5,-1.5,0.9204657673835754,0.25530996918678284,0.5909847617149353,0.582831621170044,0.0,0.0,0.0,-2.0,-255.5208282470703,119.05706024169922,150.17111206054688,-232.30653381347656,80.24263763427734,9.637596130371094,45.16908645629883,45.66838455200195,0.0,0.0,-1.120862364768982,-200.0,-11.245898246765137,19.419137954711914,13.863934516906738,-9.034385681152344,3.6818630695343018,1.0212398767471313,2.363939046859741,2.331326484680176,-5.942745685577393,0.9384858012199402,-3.611985683441162,-12.483942985534668,16.47318458557129,-15.222331047058105,-8.965596199035645,72.78677368164062,-0.055767033249139786,18.440420150756836,10.107742309570312,-5.430589199066162,-21.068408966064453,-2.5117123126983643,6.076467514038086,34.904422760009766,16.47318458557129,-15.222331047058105,-8.965596199035645,72.78677368164062,-0.055767033249139786,18.440420150756836,10.107742309570312,-5.430589199066162,-21.068408966064453,-2.5117123126983643,6.076467514038086,34.904422760009766,-1.5,1.5,1.5,-1.5,0.9204657673835754,0.25530996918678284,0.5909847617149353,0.582831621170044,0.0,0.0,0.0,-2.0,-255.5208282470703,119.05706024169922,150.17111206054688,-232.30653381347656,80.24263763427734,9.637596130371094,45.16908645629883,45.66838455200195,0.0,0.0,-1.120862364768982,-200.0,1.5,-1.5,-1.5,1.5,-0.013941758312284946,2.0,2.0,-1.3576472997665405,0.0,-0.6279280781745911,1.5191168785095215,0.0,0.0,0.0,0.0,0.0,0.0,0.0,0.0,0.0,0.0,0.0,0.0,0.0
20260708_183055_932857,2026-07-08T18:30:55.969,0.036998,policy,3,policy,0.0,0.0,0.0,-0.800000011920929,0.0,0.0,0.0,-0.800000011920929,1.0,fake,0.0,0.0,-1.0,-0.0,0.0,0.0,97.52040100097656,0.0,0.0,12,back:06 front:06,,,,"BL_hip_joint,BR_hip_joint,FL_hip_joint,FR_hip_joint,BL_thigh_joint,BR_thigh_joint,FL_thigh_joint,FR_thigh_joint,BL_calf_joint,BR_calf_joint,FL_calf_joint,FR_calf_joint",330e02f2406e129bb6ed6ec4a6c6bcd5f80d7e7799a2ab087e81eda65d2fae69,"step=000003 mode=policy vx= 0.000 vy= 0.000 vxy= 0.000 yaw=-0.800 speed=1.00 imu=fake tilt_rp=[-0.0,+0.0]deg imu_corr=0.000 act_max= 97.520 tau_cmd= 0.000 tau_cmd_max= 0.000 cmds=12 bus=back:06 front:06 tau_fb=na tau_fb_max=na",0.0,0.0,0.0,0.0,0.0,0.0,0.0,0.0,-1.0,0.0,0.0,-0.800000011920929,1.5,-1.5,-1.5,1.5,-0.013941758312284946,2.0,2.0,-1.3576472997665405,0.0,-0.6279280781745911,1.5191168785095215,0.0,300.0,-300.0,-300.0,300.0,-93.44075775146484,174.46900939941406,140.90151977539062,-194.0478973388672,0.0,-62.792808532714844,151.9116973876953,200.0,16.47318458557129,-15.222331047058105,-8.965596199035645,72.78677368164062,-0.055767033249139786,18.440420150756836,10.107742309570312,-5.430589199066162,-21.068408966064453,-2.5117123126983643,6.076467514038086,34.904422760009766,-28.731565475463867,86.34925842285156,55.726531982421875,-65.33761596679688,97.52040100097656,7.766204357147217,20.120803833007812,89.04938507080078,-44.83106231689453,32.72414016723633,-4.711798667907715,-96.79088592529297,-28.731565475463867,86.34925842285156,55.726531982421875,-65.33761596679688,97.52040100097656,7.766204357147217,20.120803833007812,89.04938507080078,-44.83106231689453,32.72414016723633,-4.711798667907715,-96.79088592529297,1.5,-1.5,-1.5,1.5,-0.013941758312284946,2.0,2.0,-1.3576472997665405,0.0,-0.6279280781745911,1.5191168785095215,0.0,300.0,-300.0,-300.0,300.0,-93.44075775146484,174.46900939941406,140.90151977539062,-194.0478973388672,0.0,-62.792808532714844,151.9116973876953,200.0,-1.5,1.5,1.5,-1.5,2.0,1.9415510892868042,2.0,2.0,0.0,0.0,0.0,-2.0,0.0,0.0,0.0,0.0,0.0,0.0,0.0,0.0,0.0,0.0,0.0,0.0
20260708_183055_932857,2026-07-08T18:30:55.980,0.047406,policy,4,policy,0.0,0.0,0.0,-0.800000011920929,0.0,0.0,0.0,-0.800000011920929,1.0,fake,0.0,0.0,-1.0,-0.0,0.0,0.0,88.83258056640625,0.0,0.0,12,back:06 front:06,,,,"BL_hip_joint,BR_hip_joint,FL_hip_joint,FR_hip_joint,BL_thigh_joint,BR_thigh_joint,FL_thigh_joint,FR_thigh_joint,BL_calf_joint,BR_calf_joint,FL_calf_joint,FR_calf_joint",330e02f2406e129bb6ed6ec4a6c6bcd5f80d7e7799a2ab087e81eda65d2fae69,"step=000004 mode=policy vx= 0.000 vy= 0.000 vxy= 0.000 yaw=-0.800 speed=1.00 imu=fake tilt_rp=[-0.0,+0.0]deg imu_corr=0.000 act_max= 88.833 tau_cmd= 0.000 tau_cmd_max= 0.000 cmds=12 bus=back:06 front:06 tau_fb=na tau_fb_max=na",0.0,0.0,0.0,0.0,0.0,0.0,0.0,0.0,-1.0,0.0,0.0,-0.800000011920929,-1.5,1.5,1.5,-1.5,2.0,1.9415510892868042,2.0,2.0,0.0,0.0,0.0,-2.0,-300.0,300.0,300.0,-300.0,201.39418029785156,-5.84489107131958,0.0,335.7647399902344,0.0,62.792808532714844,-151.9116973876953,-200.0,-28.731565475463867,86.34925842285156,55.726531982421875,-65.33761596679688,97.52040100097656,7.766204357147217,20.120803833007812,89.04938507080078,-44.83106231689453,32.72414016723633,-4.711798667907715,-96.79088592529297,36.047245025634766,8.695749282836914,-16.95038414001465,88.83258056640625,10.203001976013184,31.530202865600586,29.548389434814453,3.0042836666107178,-44.31642150878906,4.324074745178223,6.407804489135742,53.343849182128906,36.047245025634766,8.695749282836914,-16.95038414001465,88.83258056640625,10.203001976013184,31.530202865600586,29.548389434814453,3.0042836666107178,-44.31642150878906,4.324074745178223,6.407804489135742,53.343849182128906,-1.5,1.5,1.5,-1.5,2.0,1.9415510892868042,2.0,2.0,0.0,0.0,0.0,-2.0,-300.0,300.0,300.0,-300.0,201.39418029785156,-5.84489107131958,0.0,335.7647399902344,0.0,62.792808532714844,-151.9116973876953,-200.0,1.5,1.5,-1.5,1.5,2.0,2.0,2.0,0.7510709166526794,0.0,0.0,1.6019511222839355,0.0,0.0,0.0,0.0,0.0,0.0,0.0,0.0,0.0,0.0,0.0,0.0,0.0
20260708_183055_932857,2026-07-08T18:30:55.990,0.057376,policy,5,policy,0.0,0.0,0.0,-0.800000011920929,0.0,0.0,0.0,-0.800000011920929,1.0,fake,0.0,0.0,-1.0,-0.0,0.0,0.0,52.24481201171875,0.0,0.0,12,back:06 front:06,,,,"BL_hip_joint,BR_hip_joint,FL_hip_joint,FR_hip_joint,BL_thigh_joint,BR_thigh_joint,FL_thigh_joint,FR_thigh_joint,BL_calf_joint,BR_calf_joint,FL_calf_joint,FR_calf_joint",330e02f2406e129bb6ed6ec4a6c6bcd5f80d7e7799a2ab087e81eda65d2fae69,"step=000005 mode=policy vx= 0.000 vy= 0.000 vxy= 0.000 yaw=-0.800 speed=1.00 imu=fake tilt_rp=[-0.0,+0.0]deg imu_corr=0.000 act_max= 52.245 tau_cmd= 0.000 tau_cmd_max= 0.000 cmds=12 bus=back:06 front:06 tau_fb=na tau_fb_max=na",0.0,0.0,0.0,0.0,0.0,0.0,0.0,0.0,-1.0,0.0,0.0,-0.800000011920929,1.5,1.5,-1.5,1.5,2.0,2.0,2.0,0.7510709166526794,0.0,0.0,1.6019511222839355,0.0,300.0,0.0,-300.0,300.0,0.0,5.84489107131958,0.0,-124.89290618896484,0.0,0.0,160.1951141357422,200.0,36.047245025634766,8.695749282836914,-16.95038414001465,88.83258056640625,10.203001976013184,31.530202865600586,29.548389434814453,3.0042836666107178,-44.31642150878906,4.324074745178223,6.407804489135742,53.343849182128906,-20.782987594604492,31.22104835510254,52.24481201171875,-4.245576858520508,28.600683212280273,3.4121575355529785,21.567697525024414,18.031606674194336,-33.014652252197266,9.823715209960938,-14.464388847351074,-46.046634674072266,-20.782987594604492,31.22104835510254,52.24481201171875,-4.245576858520508,28.600683212280273,3.4121575355529785,21.567697525024414,18.031606674194336,-33.014652252197266,9.823715209960938,-14.464388847351074,-46.046634674072266,1.5,1.5,-1.5,1.5,2.0,2.0,2.0,0.7510709166526794,0.0,0.0,1.6019511222839355,0.0,300.0,0.0,-300.0,300.0,0.0,5.84489107131958,0.0,-124.89290618896484,0.0,0.0,160.1951141357422,200.0,-1.5,1.5,1.5,-1.061394214630127,2.0,0.8530393838882446,2.0,2.0,0.0,0.0,0.0,-2.0,0.0,0.0,0.0,0.0,0.0,0.0,0.0,0.0,0.0,0.0,0.0,0.0
20260708_183055_932857,2026-07-08T18:30:56.000,0.067643,policy,6,policy,0.0,0.0,0.0,-0.800000011920929,0.0,0.0,0.0,-0.800000011920929,1.0,fake,0.0,0.0,-1.0,-0.0,0.0,0.0,87.9945297241211,0.0,0.0,12,back:06 front:06,,,,"BL_hip_joint,BR_hip_joint,FL_hip_joint,FR_hip_joint,BL_thigh_joint,BR_thigh_joint,FL_thigh_joint,FR_thigh_joint,BL_calf_joint,BR_calf_joint,FL_calf_joint,FR_calf_joint",330e02f2406e129bb6ed6ec4a6c6bcd5f80d7e7799a2ab087e81eda65d2fae69,"step=000006 mode=policy vx= 0.000 vy= 0.000 vxy= 0.000 yaw=-0.800 speed=1.00 imu=fake tilt_rp=[-0.0,+0.0]deg imu_corr=0.000 act_max= 87.995 tau_cmd= 0.000 tau_cmd_max= 0.000 cmds=12 bus=back:06 front:06 tau_fb=na tau_fb_max=na",0.0,0.0,0.0,0.0,0.0,0.0,0.0,0.0,-1.0,0.0,0.0,-0.800000011920929,-1.5,1.5,1.5,-1.061394214630127,2.0,0.8530393838882446,2.0,2.0,0.0,0.0,0.0,-2.0,-300.0,0.0,300.0,-256.1394348144531,0.0,-114.6960678100586,0.0,124.89290618896484,0.0,0.0,-160.1951141357422,-200.0,-20.782987594604492,31.22104835510254,52.24481201171875,-4.245576858520508,28.600683212280273,3.4121575355529785,21.567697525024414,18.031606674194336,-33.014652252197266,9.823715209960938,-14.464388847351074,-46.046634674072266,25.76187515258789,0.9184470176696777,-49.857147216796875,87.9945297241211,-4.121908187866211,12.867706298828125,18.83983612060547,28.197595596313477,-31.699935913085938,2.0213451385498047,4.274206161499023,43.4093017578125,25.76187515258789,0.9184470176696777,-49.857147216796875,87.9945297241211,-4.121908187866211,12.867706298828125,18.83983612060547,28.197595596313477,-31.699935913085938,2.0213451385498047,4.274206161499023,43.4093017578125,-1.5,1.5,1.5,-1.061394214630127,2.0,0.8530393838882446,2.0,2.0,0.0,0.0,0.0,-2.0,-300.0,0.0,300.0,-256.1394348144531,0.0,-114.6960678100586,0.0,124.89290618896484,0.0,0.0,-160.1951141357422,-200.0,1.5,0.22961175441741943,-1.5,1.5,-1.0304770469665527,2.0,2.0,2.0,0.0,0.0,1.0685515403747559,0.0,0.0,0.0,0.0,0.0,0.0,0.0,0.0,0.0,0.0,0.0,0.0,0.0
20260708_183055_932857,2026-07-08T18:30:56.010,0.077522,policy,7,policy,0.0,0.0,0.0,-0.800000011920929,0.0,0.0,0.0,-0.800000011920929,1.0,fake,0.0,0.0,-1.0,-0.0,0.0,0.0,69.21813201904297,0.0,0.0,12,back:06 front:06,,,,"BL_hip_joint,BR_hip_joint,FL_hip_joint,FR_hip_joint,BL_thigh_joint,BR_thigh_joint,FL_thigh_joint,FR_thigh_joint,BL_calf_joint,BR_calf_joint,FL_calf_joint,FR_calf_joint",330e02f2406e129bb6ed6ec4a6c6bcd5f80d7e7799a2ab087e81eda65d2fae69,"step=000007 mode=policy vx= 0.000 vy= 0.000 vxy= 0.000 yaw=-0.800 speed=1.00 imu=fake tilt_rp=[-0.0,+0.0]deg imu_corr=0.000 act_max= 69.218 tau_cmd= 0.000 tau_cmd_max= 0.000 cmds=12 bus=back:06 front:06 tau_fb=na tau_fb_max=na",0.0,0.0,0.0,0.0,0.0,0.0,0.0,0.0,-1.0,0.0,0.0,-0.800000011920929,1.5,0.22961175441741943,-1.5,1.5,-1.0304770469665527,2.0,2.0,2.0,0.0,0.0,1.0685515403747559,0.0,300.0,-127.03882598876953,-300.0,256.1394348144531,-303.0476989746094,114.6960678100586,0.0,0.0,0.0,0.0,106.85515594482422,200.0,25.76187515258789,0.9184470176696777,-49.857147216796875,87.9945297241211,-4.121908187866211,12.867706298828125,18.83983612060547,28.197595596313477,-31.699935913085938,2.0213451385498047,4.274206161499023,43.4093017578125,-1.3213375806808472,65.71649169921875,42.541534423828125,-50.61605453491211,52.60060501098633,-10.77509880065918,32.67137145996094,40.182926177978516,-44.175392150878906,38.058349609375,17.24547576904297,-69.21813201904297,-1.3213375806808472,65.71649169921875,42.541534423828125,-50.61605453491211,52.60060501098633,-10.77509880065918,32.67137145996094,40.182926177978516,-44.175392150878906,38.058349609375,17.24547576904297,-69.21813201904297,1.5,0.22961175441741943,-1.5,1.5,-1.0304770469665527,2.0,2.0,2.0,0.0,0.0,1.0685515403747559,0.0,300.0,-127.03882598876953,-300.0,256.1394348144531,-303.0476989746094,114.6960678100586,0.0,0.0,0.0,0.0,106.85515594482422,200.0,-0.3303343951702118,1.5,1.5,-1.5,2.0,-2.0,2.0,2.0,0.0,0.0,2.0,-2.0,0.0,0.0,0.0,0.0,0.0,0.0,0.0,0.0,0.0,0.0,0.0,0.0
20260708_183055_932857,2026-07-08T18:30:56.020,0.088091,policy,8,policy,0.0,0.0,0.0,-0.800000011920929,0.0,0.0,0.0,-0.800000011920929,1.0,fake,0.0,0.0,-1.0,-0.0,0.0,0.0,90.78121948242188,0.0,0.0,12,back:06 front:06,,,,"BL_hip_joint,BR_hip_joint,FL_hip_joint,FR_hip_joint,BL_thigh_joint,BR_thigh_joint,FL_thigh_joint,FR_thigh_joint,BL_calf_joint,BR_calf_joint,FL_calf_joint,FR_calf_joint",330e02f2406e129bb6ed6ec4a6c6bcd5f80d7e7799a2ab087e81eda65d2fae69,"step=000008 mode=policy vx= 0.000 vy= 0.000 vxy= 0.000 yaw=-0.800 speed=1.00 imu=fake tilt_rp=[-0.0,+0.0]deg imu_corr=0.000 act_max= 90.781 tau_cmd= 0.000 tau_cmd_max= 0.000 cmds=12 bus=back:06 front:06 tau_fb=na tau_fb_max=na",0.0,0.0,0.0,0.0,0.0,0.0,0.0,0.0,-1.0,0.0,0.0,-0.800000011920929,-0.3303343951702118,1.5,1.5,-1.5,2.0,-2.0,2.0,2.0,0.0,0.0,2.0,-2.0,-183.033447265625,127.03882598876953,300.0,-300.0,303.0476989746094,-400.0,0.0,0.0,0.0,0.0,93.14485168457031,-200.0,-1.3213375806808472,65.71649169921875,42.541534423828125,-50.61605453491211,52.60060501098633,-10.77509880065918,32.67137145996094,40.182926177978516,-44.175392150878906,38.058349609375,17.24547576904297,-69.21813201904297,63.635154724121094,-17.265256881713867,-72.10372924804688,90.78121948242188,-14.332974433898926,49.80952835083008,31.858623504638672,73.25814056396484,-16.085451126098633,-6.250108242034912,16.235532760620117,64.65157318115234,63.635154724121094,-17.265256881713867,-72.10372924804688,90.78121948242188,-14.332974433898926,49.80952835083008,31.858623504638672,73.25814056396484,-16.085451126098633,-6.250108242034912,16.235532760620117,64.65157318115234,-0.3303343951702118,1.5,1.5,-1.5,2.0,-2.0,2.0,2.0,0.0,0.0,2.0,-2.0,-183.033447265625,127.03882598876953,300.0,-300.0,303.0476989746094,-400.0,0.0,0.0,0.0,0.0,93.14485168457031,-200.0,1.5,-1.5,-1.5,1.5,-2.0,2.0,2.0,2.0,0.0,-1.562527060508728,2.0,0.0,0.0,0.0,0.0,0.0,0.0,0.0,0.0,0.0,0.0,0.0,0.0,0.0
20260708_183055_932857,2026-07-08T18:30:56.030,0.097679,policy,9,policy,0.0,0.0,0.0,-0.800000011920929,0.0,0.0,0.0,-0.800000011920929,1.0,fake,0.0,0.0,-1.0,-0.0,0.0,0.0,94.14388275146484,0.0,0.0,12,back:06 front:06,,,,"BL_hip_joint,BR_hip_joint,FL_hip_joint,FR_hip_joint,BL_thigh_joint,BR_thigh_joint,FL_thigh_joint,FR_thigh_joint,BL_calf_joint,BR_calf_joint,FL_calf_joint,FR_calf_joint",330e02f2406e129bb6ed6ec4a6c6bcd5f80d7e7799a2ab087e81eda65d2fae69,"step=000009 mode=policy vx= 0.000 vy= 0.000 vxy= 0.000 yaw=-0.800 speed=1.00 imu=fake tilt_rp=[-0.0,+0.0]deg imu_corr=0.000 act_max= 94.144 tau_cmd= 0.000 tau_cmd_max= 0.000 cmds=12 bus=back:06 front:06 tau_fb=na tau_fb_max=na",0.0,0.0,0.0,0.0,0.0,0.0,0.0,0.0,-1.0,0.0,0.0,-0.800000011920929,1.5,-1.5,-1.5,1.5,-2.0,2.0,2.0,2.0,0.0,-1.562527060508728,2.0,0.0,183.033447265625,-300.0,-300.0,300.0,-400.0,400.0,0.0,0.0,0.0,-156.25271606445312,0.0,200.0,63.635154724121094,-17.265256881713867,-72.10372924804688,90.78121948242188,-14.332974433898926,49.80952835083008,31.858623504638672,73.25814056396484,-16.085451126098633,-6.250108242034912,16.235532760620117,64.65157318115234,51.56977844238281,65.30587005615234,46.85308837890625,-84.86322021484375,94.14388275146484,-34.46063232421875,45.226837158203125,84.27849578857422,-53.97233581542969,46.20989227294922,3.5949435234069824,-92.12203979492188,51.56977844238281,65.30587005615234,46.85308837890625,-84.86322021484375,94.14388275146484,-34.46063232421875,45.226837158203125,84.27849578857422,-53.97233581542969,46.20989227294922,3.5949435234069824,-92.12203979492188,1.5,-1.5,-1.5,1.5,-2.0,2.0,2.0,2.0,0.0,-1.562527060508728,2.0,0.0,183.033447265625,-300.0,-300.0,300.0,-400.0,400.0,0.0,0.0,0.0,-156.25271606445312,0.0,200.0,1.5,1.5,1.5,-1.5,2.0,-2.0,2.0,2.0,0.0,0.0,0.8987358808517456,-2.0,0.0,0.0,0.0,0.0,0.0,0.0,0.0,0.0,0.0,0.0,0.0,0.0
20260708_183055_932857,2026-07-08T18:30:56.040,0.107626,policy,10,policy,0.0,0.0,0.0,-0.800000011920929,0.0,0.0,0.0,-0.800000011920929,1.0,fake,0.0,0.0,-1.0,-0.0,0.0,0.0,88.4905776977539,0.0,0.0,12,back:06 front:06,,,,"BL_hip_joint,BR_hip_joint,FL_hip_joint,FR_hip_joint,BL_thigh_joint,BR_thigh_joint,FL_thigh_joint,FR_thigh_joint,BL_calf_joint,BR_calf_joint,FL_calf_joint,FR_calf_joint",330e02f2406e129bb6ed6ec4a6c6bcd5f80d7e7799a2ab087e81eda65d2fae69,"step=000010 mode=policy vx= 0.000 vy= 0.000 vxy= 0.000 yaw=-0.800 speed=1.00 imu=fake tilt_rp=[-0.0,+0.0]deg imu_corr=0.000 act_max= 88.491 tau_cmd= 0.000 tau_cmd_max= 0.000 cmds=12 bus=back:06 front:06 tau_fb=na tau_fb_max=na",0.0,0.0,0.0,0.0,0.0,0.0,0.0,0.0,-1.0,0.0,0.0,-0.800000011920929,1.5,1.5,1.5,-1.5,2.0,-2.0,2.0,2.0,0.0,0.0,0.8987358808517456,-2.0,0.0,300.0,300.0,-300.0,400.0,-400.0,0.0,0.0,0.0,156.25271606445312,-110.12641143798828,-200.0,51.56977844238281,65.30587005615234,46.85308837890625,-84.86322021484375,94.14388275146484,-34.46063232421875,45.226837158203125,84.27849578857422,-53.97233581542969,46.20989227294922,3.5949435234069824,-92.12203979492188,88.4905776977539,-20.460649490356445,-57.69633483886719,74.27980041503906,15.155257225036621,60.985042572021484,-0.9730578660964966,83.5608901977539,-27.140535354614258,-16.414203643798828,27.461729049682617,67.61710357666016,88.4905776977539,-20.460649490356445,-57.69633483886719,74.27980041503906,15.155257225036621,60.985042572021484,-0.9730578660964966,83.5608901977539,-27.140535354614258,-16.414203643798828,27.461729049682617,67.61710357666016,1.5,1.5,1.5,-1.5,2.0,-2.0,2.0,2.0,0.0,0.0,0.8987358808517456,-2.0,0.0,300.0,300.0,-300.0,400.0,-400.0,0.0,0.0,0.0,156.25271606445312,-110.12641143798828,-200.0,1.5,-1.5,-1.5,1.5,2.0,2.0,-0.24326446652412415,2.0,0.0,-2.0,2.0,0.0,0.0,0.0,0.0,0.0,0.0,0.0,0.0,0.0,0.0,0.0,0.0,0.0
20260708_183055_932857,2026-07-08T18:30:56.050,0.118100,policy,11,policy,0.0,0.0,0.0,-0.800000011920929,0.0,0.0,0.0,-0.800000011920929,1.0,fake,0.0,0.0,-1.0,-0.0,0.0,0.0,98.7625732421875,0.0,0.0,12,back:06 front:06,,,,"BL_hip_joint,BR_hip_joint,FL_hip_joint,FR_hip_joint,BL_thigh_joint,BR_thigh_joint,FL_thigh_joint,FR_thigh_joint,BL_calf_joint,BR_calf_joint,FL_calf_joint,FR_calf_joint",330e02f2406e129bb6ed6ec4a6c6bcd5f80d7e7799a2ab087e81eda65d2fae69,"step=000011 mode=policy vx= 0.000 vy= 0.000 vxy= 0.000 yaw=-0.800 speed=1.00 imu=fake tilt_rp=[-0.0,+0.0]deg imu_corr=0.000 act_max= 98.763 tau_cmd= 0.000 tau_cmd_max= 0.000 cmds=12 bus=back:06 front:06 tau_fb=na tau_fb_max=na",0.0,0.0,0.0,0.0,0.0,0.0,0.0,0.0,-1.0,0.0,0.0,-0.800000011920929,1.5,-1.5,-1.5,1.5,2.0,2.0,-0.24326446652412415,2.0,0.0,-2.0,2.0,0.0,0.0,-300.0,-300.0,300.0,0.0,400.0,-224.32644653320312,0.0,0.0,-200.0,110.12641143798828,200.0,88.4905776977539,-20.460649490356445,-57.69633483886719,74.27980041503906,15.155257225036621,60.985042572021484,-0.9730578660964966,83.5608901977539,-27.140535354614258,-16.414203643798828,27.461729049682617,67.61710357666016,13.074158668518066,30.228559494018555,10.69997787475586,-98.7625732421875,84.1528091430664,-16.115821838378906,52.30040740966797,63.317466735839844,-6.68508768081665,32.43032455444336,-1.4886800050735474,-25.405445098876953,13.074158668518066,30.228559494018555,10.69997787475586,-98.7625732421875,84.1528091430664,-16.115821838378906,52.30040740966797,63.317466735839844,-6.68508768081665,32.43032455444336,-1.4886800050735474,-25.405445098876953,1.5,-1.5,-1.5,1.5,2.0,2.0,-0.24326446652412415,2.0,0.0,-2.0,2.0,0.0,0.0,-300.0,-300.0,300.0,0.0,400.0,-224.32644653320312,0.0,0.0,-200.0,110.12641143798828,200.0,1.5,1.5,1.5,-1.5,2.0,-2.0,2.0,2.0,0.0,0.0,0.0,-2.0,0.0,0.0,0.0,0.0,0.0,0.0,0.0,0.0,0.0,0.0,0.0,0.0
20260708_183055_932857,2026-07-08T18:30:56.060,0.127339,policy,12,policy,0.0,0.0,0.0,-0.800000011920929,0.0,0.0,0.0,-0.800000011920929,1.0,fake,0.0,0.0,-1.0,-0.0,0.0,0.0,89.9705581665039,0.0,0.0,12,back:06 front:06,,,,"BL_hip_joint,BR_hip_joint,FL_hip_joint,FR_hip_joint,BL_thigh_joint,BR_thigh_joint,FL_thigh_joint,FR_thigh_joint,BL_calf_joint,BR_calf_joint,FL_calf_joint,FR_calf_joint",330e02f2406e129bb6ed6ec4a6c6bcd5f80d7e7799a2ab087e81eda65d2fae69,"step=000012 mode=policy vx= 0.000 vy= 0.000 vxy= 0.000 yaw=-0.800 speed=1.00 imu=fake tilt_rp=[-0.0,+0.0]deg imu_corr=0.000 act_max= 89.971 tau_cmd= 0.000 tau_cmd_max= 0.000 cmds=12 bus=back:06 front:06 tau_fb=na tau_fb_max=na",0.0,0.0,0.0,0.0,0.0,0.0,0.0,0.0,-1.0,0.0,0.0,-0.800000011920929,1.5,1.5,1.5,-1.5,2.0,-2.0,2.0,2.0,0.0,0.0,0.0,-2.0,0.0,300.0,300.0,-300.0,0.0,-400.0,224.32644653320312,0.0,0.0,200.0,-200.0,-200.0,13.074158668518066,30.228559494018555,10.69997787475586,-98.7625732421875,84.1528091430664,-16.115821838378906,52.30040740966797,63.317466735839844,-6.68508768081665,32.43032455444336,-1.4886800050735474,-25.405445098876953,19.482358932495117,16.687335968017578,-57.098297119140625,71.0533447265625,4.911961555480957,19.02086067199707,-23.433391571044922,89.9705581665039,-47.90428924560547,13.234979629516602,-8.951204299926758,75.95950317382812,19.482358932495117,16.687335968017578,-57.098297119140625,71.0533447265625,4.911961555480957,19.02086067199707,-23.433391571044922,89.9705581665039,-47.90428924560547,13.234979629516602,-8.951204299926758,75.95950317382812,1.5,1.5,1.5,-1.5,2.0,-2.0,2.0,2.0,0.0,0.0,0.0,-2.0,0.0,300.0,300.0,-300.0,0.0,-400.0,224.32644653320312,0.0,0.0,200.0,-200.0,-200.0,1.5,1.5,-1.5,1.5,1.2279903888702393,2.0,-2.0,2.0,0.0,0.0,0.0,0.0,0.0,0.0,0.0,0.0,0.0,0.0,0.0,0.0,0.0,0.0,0.0,0.0
20260708_183055_932857,2026-07-08T18:30:56.070,0.137721,policy,13,policy,0.0,0.0,0.0,-0.800000011920929,0.0,0.0,0.0,-0.800000011920929,1.0,fake,0.0,0.0,-1.0,-0.0,0.0,0.0,71.14339447021484,0.0,0.0,12,back:06 front:06,,,,"BL_hip_joint,BR_hip_joint,FL_hip_joint,FR_hip_joint,BL_thigh_joint,BR_thigh_joint,FL_thigh_joint,FR_thigh_joint,BL_calf_joint,BR_calf_joint,FL_calf_joint,FR_calf_joint",330e02f2406e129bb6ed6ec4a6c6bcd5f80d7e7799a2ab087e81eda65d2fae69,"step=000013 mode=policy vx= 0.000 vy= 0.000 vxy= 0.000 yaw=-0.800 speed=1.00 imu=fake tilt_rp=[-0.0,+0.0]deg imu_corr=0.000 act_max= 71.143 tau_cmd= 0.000 tau_cmd_max= 0.000 cmds=12 bus=back:06 front:06 tau_fb=na tau_fb_max=na",0.0,0.0,0.0,0.0,0.0,0.0,0.0,0.0,-1.0,0.0,0.0,-0.800000011920929,1.5,1.5,-1.5,1.5,1.2279903888702393,2.0,-2.0,2.0,0.0,0.0,0.0,0.0,0.0,0.0,-300.0,300.0,-77.20096588134766,400.0,-400.0,0.0,0.0,0.0,0.0,200.0,19.482358932495117,16.687335968017578,-57.098297119140625,71.0533447265625,4.911961555480957,19.02086067199707,-23.433391571044922,89.9705581665039,-47.90428924560547,13.234979629516602,-8.951204299926758,75.95950317382812,16.1109619140625,19.48051643371582,11.062807083129883,-71.14339447021484,56.40632629394531,-19.944562911987305,56.328338623046875,24.475025177001953,-19.08131217956543,19.877674102783203,-14.950654029846191,3.054542303085327,16.1109619140625,19.48051643371582,11.062807083129883,-71.14339447021484,56.40632629394531,-19.944562911987305,56.328338623046875,24.475025177001953,-19.08131217956543,19.877674102783203,-14.950654029846191,3.054542303085327,1.5,1.5,-1.5,1.5,1.2279903888702393,2.0,-2.0,2.0,0.0,0.0,0.0,0.0,0.0,0.0,-300.0,300.0,-77.20096588134766,400.0,-400.0,0.0,0.0,0.0,0.0,200.0,1.5,1.5,1.5,-1.5,2.0,-2.0,2.0,2.0,0.0,0.0,0.0,0.0,0.0,0.0,0.0,0.0,0.0,0.0,0.0,0.0,0.0,0.0,0.0,0.0
20260708_183055_932857,2026-07-08T18:30:56.081,0.148679,policy,14,policy,0.0,0.0,0.0,-0.800000011920929,0.0,0.0,0.0,-0.800000011920929,1.0,fake,0.0,0.0,-1.0,-0.0,0.0,0.0,84.50800323486328,0.0,0.0,12,back:06 front:06,,,,"BL_hip_joint,BR_hip_joint,FL_hip_joint,FR_hip_joint,BL_thigh_joint,BR_thigh_joint,FL_thigh_joint,FR_thigh_joint,BL_calf_joint,BR_calf_joint,FL_calf_joint,FR_calf_joint",330e02f2406e129bb6ed6ec4a6c6bcd5f80d7e7799a2ab087e81eda65d2fae69,"step=000014 mode=policy vx= 0.000 vy= 0.000 vxy= 0.000 yaw=-0.800 speed=1.00 imu=fake tilt_rp=[-0.0,+0.0]deg imu_corr=0.000 act_max= 84.508 tau_cmd= 0.000 tau_cmd_max= 0.000 cmds=12 bus=back:06 front:06 tau_fb=na tau_fb_max=na",0.0,0.0,0.0,0.0,0.0,0.0,0.0,0.0,-1.0,0.0,0.0,-0.800000011920929,1.5,1.5,1.5,-1.5,2.0,-2.0,2.0,2.0,0.0,0.0,0.0,0.0,0.0,0.0,300.0,-300.0,77.20096588134766,-400.0,400.0,0.0,0.0,0.0,0.0,0.0,16.1109619140625,19.48051643371582,11.062807083129883,-71.14339447021484,56.40632629394531,-19.944562911987305,56.328338623046875,24.475025177001953,-19.08131217956543,19.877674102783203,-14.950654029846191,3.054542303085327,-12.76403522491455,21.999692916870117,-82.44808959960938,66.515380859375,-19.477582931518555,18.068944931030273,-46.2713508605957,84.50800323486328,-24.80828285217285,-6.570451259613037,-3.653946876525879,80.71671295166016,-12.76403522491455,21.999692916870117,-82.44808959960938,66.515380859375,-19.477582931518555,18.068944931030273,-46.2713508605957,84.50800323486328,-24.80828285217285,-6.570451259613037,-3.653946876525879,80.71671295166016,1.5,1.5,1.5,-1.5,2.0,-2.0,2.0,2.0,0.0,0.0,0.0,0.0,0.0,0.0,300.0,-300.0,77.20096588134766,-400.0,400.0,0.0,0.0,0.0,0.0,0.0,-1.5,1.5,-1.5,1.5,-2.0,2.0,-2.0,2.0,0.0,-1.6426128149032593,0.0,0.0,0.0,0.0,0.0,0.0,0.0,0.0,0.0,0.0,0.0,0.0,0.0,0.0
20260708_183055_932857,2026-07-08T18:30:56.090,0.157870,policy,15,policy,0.0,0.0,0.0,-0.800000011920929,0.0,0.0,0.0,-0.800000011920929,1.0,fake,0.0,0.0,-1.0,-0.0,0.0,0.0,111.92294311523438,0.0,0.0,12,back:06 front:06,,,,"BL_hip_joint,BR_hip_joint,FL_hip_joint,FR_hip_joint,BL_thigh_joint,BR_thigh_joint,FL_thigh_joint,FR_thigh_joint,BL_calf_joint,BR_calf_joint,FL_calf_joint,FR_calf_joint",330e02f2406e129bb6ed6ec4a6c6bcd5f80d7e7799a2ab087e81eda65d2fae69,"step=000015 mode=policy vx= 0.000 vy= 0.000 vxy= 0.000 yaw=-0.800 speed=1.00 imu=fake tilt_rp=[-0.0,+0.0]deg imu_corr=0.000 act_max= 111.923 tau_cmd= 0.000 tau_cmd_max= 0.000 cmds=12 bus=back:06 front:06 tau_fb=na tau_fb_max=na",0.0,0.0,0.0,0.0,0.0,0.0,0.0,0.0,-1.0,0.0,0.0,-0.800000011920929,-1.5,1.5,-1.5,1.5,-2.0,2.0,-2.0,2.0,0.0,-1.6426128149032593,0.0,0.0,-300.0,0.0,-300.0,300.0,-400.0,400.0,-400.0,0.0,0.0,-164.26129150390625,0.0,0.0,-12.76403522491455,21.999692916870117,-82.44808959960938,66.515380859375,-19.477582931518555,18.068944931030273,-46.2713508605957,84.50800323486328,-24.80828285217285,-6.570451259613037,-3.653946876525879,80.71671295166016,52.136409759521484,8.236433029174805,-0.36803358793258667,-111.92294311523438,76.46484375,-30.371145248413086,76.73029327392578,27.552387237548828,-37.10388946533203,21.297273635864258,-7.743962287902832,16.92232322692871,52.136409759521484,8.236433029174805,-0.36803358793258667,-111.92294311523438,76.46484375,-30.371145248413086,76.73029327392578,27.552387237548828,-37.10388946533203,21.297273635864258,-7.743962287902832,16.92232322692871,-1.5,1.5,-1.5,1.5,-2.0,2.0,-2.0,2.0,0.0,-1.6426128149032593,0.0,0.0,-300.0,0.0,-300.0,300.0,-400.0,400.0,-400.0,0.0,0.0,-164.26129150390625,0.0,0.0,1.5,1.5,-0.09200839698314667,-1.5,2.0,-2.0,2.0,2.0,0.0,0.0,0.0,0.0,0.0,0.0,0.0,0.0,0.0,0.0,0.0,0.0,0.0,0.0,0.0,0.0
20260708_183055_932857,2026-07-08T18:30:56.101,0.168506,policy,16,policy,0.0,0.0,0.0,-0.800000011920929,0.0,0.0,0.0,-0.800000011920929,1.0,fake,0.0,0.0,-1.0,-0.0,0.0,0.0,75.11302947998047,0.0,0.0,12,back:06 front:06,,,,"BL_hip_joint,BR_hip_joint,FL_hip_joint,FR_hip_joint,BL_thigh_joint,BR_thigh_joint,FL_thigh_joint,FR_thigh_joint,BL_calf_joint,BR_calf_joint,FL_calf_joint,FR_calf_joint",330e02f2406e129bb6ed6ec4a6c6bcd5f80d7e7799a2ab087e81eda65d2fae69,"step=000016 mode=policy vx= 0.000 vy= 0.000 vxy= 0.000 yaw=-0.800 speed=1.00 imu=fake tilt_rp=[-0.0,+0.0]deg imu_corr=0.000 act_max= 75.113 tau_cmd= 0.000 tau_cmd_max= 0.000 cmds=12 bus=back:06 front:06 tau_fb=na tau_fb_max=na",0.0,0.0,0.0,0.0,0.0,0.0,0.0,0.0,-1.0,0.0,0.0,-0.800000011920929,1.5,1.5,-0.09200839698314667,-1.5,2.0,-2.0,2.0,2.0,0.0,0.0,0.0,0.0,300.0,0.0,140.79916381835938,-300.0,400.0,-400.0,400.0,0.0,0.0,164.26129150390625,0.0,0.0,52.136409759521484,8.236433029174805,-0.36803358793258667,-111.92294311523438,76.46484375,-30.371145248413086,76.73029327392578,27.552387237548828,-37.10388946533203,21.297273635864258,-7.743962287902832,16.92232322692871,-27.228466033935547,7.4080634117126465,-69.36359405517578,-10.823888778686523,-8.782554626464844,-4.334292411804199,-75.11302947998047,59.11088943481445,-14.69737434387207,6.742673397064209,-1.7355128526687622,63.6399040222168,-27.228466033935547,7.4080634117126465,-69.36359405517578,-10.823888778686523,-8.782554626464844,-4.334292411804199,-75.11302947998047,59.11088943481445,-14.69737434387207,6.742673397064209,-1.7355128526687622,63.6399040222168,1.5,1.5,-0.09200839698314667,-1.5,2.0,-2.0,2.0,2.0,0.0,0.0,0.0,0.0,300.0,0.0,140.79916381835938,-300.0,400.0,-400.0,400.0,0.0,0.0,164.26129150390625,0.0,0.0,-1.5,1.5,-1.5,-1.5,-2.0,-1.0835731029510498,-2.0,2.0,0.0,0.0,0.0,0.0,0.0,0.0,0.0,0.0,0.0,0.0,0.0,0.0,0.0,0.0,0.0,0.0
20260708_183055_932857,2026-07-08T18:30:56.111,0.178339,policy,17,policy,0.0,0.0,0.0,-0.800000011920929,0.0,0.0,0.0,-0.800000011920929,1.0,fake,0.0,0.0,-1.0,-0.0,0.0,0.0,71.2423324584961,0.0,0.0,12,back:06 front:06,,,,"BL_hip_joint,BR_hip_joint,FL_hip_joint,FR_hip_joint,BL_thigh_joint,BR_thigh_joint,FL_thigh_joint,FR_thigh_joint,BL_calf_joint,BR_calf_joint,FL_calf_joint,FR_calf_joint",330e02f2406e129bb6ed6ec4a6c6bcd5f80d7e7799a2ab087e81eda65d2fae69,"step=000017 mode=policy vx= 0.000 vy= 0.000 vxy= 0.000 yaw=-0.800 speed=1.00 imu=fake tilt_rp=[-0.0,+0.0]deg imu_corr=0.000 act_max= 71.242 tau_cmd= 0.000 tau_cmd_max= 0.000 cmds=12 bus=back:06 front:06 tau_fb=na tau_fb_max=na",0.0,0.0,0.0,0.0,0.0,0.0,0.0,0.0,-1.0,0.0,0.0,-0.800000011920929,-1.5,1.5,-1.5,-1.5,-2.0,-1.0835731029510498,-2.0,2.0,0.0,0.0,0.0,0.0,-300.0,0.0,-140.79916381835938,0.0,-400.0,91.64269256591797,-400.0,0.0,0.0,0.0,0.0,0.0,-27.228466033935547,7.4080634117126465,-69.36359405517578,-10.823888778686523,-8.782554626464844,-4.334292411804199,-75.11302947998047,59.11088943481445,-14.69737434387207,6.742673397064209,-1.7355128526687622,63.6399040222168,56.40095901489258,-9.390100479125977,15.184427261352539,-71.2423324584961,31.269853591918945,-16.932817459106445,47.764713287353516,13.279037475585938,-32.99156188964844,-2.47065806388855,3.4024245738983154,-4.297818660736084,56.40095901489258,-9.390100479125977,15.184427261352539,-71.2423324584961,31.269853591918945,-16.932817459106445,47.764713287353516,13.279037475585938,-32.99156188964844,-2.47065806388855,3.4024245738983154,-4.297818660736084,-1.5,1.5,-1.5,-1.5,-2.0,-1.0835731029510498,-2.0,2.0,0.0,0.0,0.0,0.0,-300.0,0.0,-140.79916381835938,0.0,-400.0,91.64269256591797,-400.0,0.0,0.0,0.0,0.0,0.0,1.5,-1.5,1.5,-1.5,2.0,-2.0,2.0,2.0,0.0,-0.6176645159721375,0.8506061434745789,-1.074454665184021,0.0,0.0,0.0,0.0,0.0,0.0,0.0,0.0,0.0,0.0,0.0,0.0
20260708_183055_932857,2026-07-08T18:30:56.120,0.188012,policy,18,policy,0.0,0.0,0.0,-0.800000011920929,0.0,0.0,0.0,-0.800000011920929,1.0,fake,0.0,0.0,-1.0,-0.0,0.0,0.0,106.36454772949219,0.0,0.0,12,back:06 front:06,,,,"BL_hip_joint,BR_hip_joint,FL_hip_joint,FR_hip_joint,BL_thigh_joint,BR_thigh_joint,FL_thigh_joint,FR_thigh_joint,BL_calf_joint,BR_calf_joint,FL_calf_joint,FR_calf_joint",330e02f2406e129bb6ed6ec4a6c6bcd5f80d7e7799a2ab087e81eda65d2fae69,"step=000018 mode=policy vx= 0.000 vy= 0.000 vxy= 0.000 yaw=-0.800 speed=1.00 imu=fake tilt_rp=[-0.0,+0.0]deg imu_corr=0.000 act_max= 106.365 tau_cmd= 0.000 tau_cmd_max= 0.000 cmds=12 bus=back:06 front:06 tau_fb=na tau_fb_max=na",0.0,0.0,0.0,0.0,0.0,0.0,0.0,0.0,-1.0,0.0,0.0,-0.800000011920929,1.5,-1.5,1.5,-1.5,2.0,-2.0,2.0,2.0,0.0,-0.6176645159721375,0.8506061434745789,-1.074454665184021,300.0,-300.0,300.0,0.0,400.0,-91.64269256591797,400.0,0.0,0.0,-61.76645278930664,85.06061553955078,-107.44547271728516,56.40095901489258,-9.390100479125977,15.184427261352539,-71.2423324584961,31.269853591918945,-16.932817459106445,47.764713287353516,13.279037475585938,-32.99156188964844,-2.47065806388855,3.4024245738983154,-4.297818660736084,-106.36454772949219,23.871044158935547,-89.72349548339844,20.2159366607666,-10.321940422058105,35.748046875,-50.94498062133789,49.83163833618164,-54.08946228027344,-58.49957275390625,22.367916107177734,106.25873565673828,-106.36454772949219,23.871044158935547,-89.72349548339844,20.2159366607666,-10.321940422058105,35.748046875,-50.94498062133789,49.83163833618164,-54.08946228027344,-58.49957275390625,22.367916107177734,106.25873565673828,1.5,-1.5,1.5,-1.5,2.0,-2.0,2.0,2.0,0.0,-0.6176645159721375,0.8506061434745789,-1.074454665184021,300.0,-300.0,300.0,0.0,400.0,-91.64269256591797,400.0,0.0,0.0,-61.76645278930664,85.06061553955078,-107.44547271728516,-1.5,1.5,-1.5,1.5,-2.0,2.0,-2.0,2.0,0.0,-2.0,2.0,0.0,0.0,0.0,0.0,0.0,0.0,0.0,0.0,0.0,0.0,0.0,0.0,0.0
20260708_183055_932857,2026-07-08T18:30:56.134,0.201693,policy,19,policy,0.0,0.0,0.0,-0.800000011920929,0.0,0.0,0.0,-0.800000011920929,1.0,fake,0.0,0.0,-1.0,-0.0,0.0,0.0,110.50167846679688,0.0,0.0,12,back:06 front:06,,,,"BL_hip_joint,BR_hip_joint,FL_hip_joint,FR_hip_joint,BL_thigh_joint,BR_thigh_joint,FL_thigh_joint,FR_thigh_joint,BL_calf_joint,BR_calf_joint,FL_calf_joint,FR_calf_joint",330e02f2406e129bb6ed6ec4a6c6bcd5f80d7e7799a2ab087e81eda65d2fae69,"step=000019 mode=policy vx= 0.000 vy= 0.000 vxy= 0.000 yaw=-0.800 speed=1.00 imu=fake tilt_rp=[-0.0,+0.0]deg imu_corr=0.000 act_max= 110.502 tau_cmd= 0.000 tau_cmd_max= 0.000 cmds=12 bus=back:06 front:06 tau_fb=na tau_fb_max=na",0.0,0.0,0.0,0.0,0.0,0.0,0.0,0.0,-1.0,0.0,0.0,-0.800000011920929,-1.5,1.5,-1.5,1.5,-2.0,2.0,-2.0,2.0,0.0,-2.0,2.0,0.0,-300.0,300.0,-300.0,300.0,-400.0,400.0,-400.0,0.0,0.0,-138.23355102539062,114.93938446044922,107.44547271728516,-106.36454772949219,23.871044158935547,-89.72349548339844,20.2159366607666,-10.321940422058105,35.748046875,-50.94498062133789,49.83163833618164,-54.08946228027344,-58.49957275390625,22.367916107177734,106.25873565673828,64.53858184814453,34.885196685791016,18.230846405029297,-110.50167846679688,57.3838996887207,-24.00712013244629,72.28197479248047,32.93303298950195,-47.53770446777344,22.788358688354492,5.321498394012451,38.068199157714844,64.53858184814453,34.885196685791016,18.230846405029297,-110.50167846679688,57.3838996887207,-24.00712013244629,72.28197479248047,32.93303298950195,-47.53770446777344,22.788358688354492,5.321498394012451,38.068199157714844,-1.5,1.5,-1.5,1.5,-2.0,2.0,-2.0,2.0,0.0,-2.0,2.0,0.0,-300.0,300.0,-300.0,300.0,-400.0,400.0,-400.0,0.0,0.0,-138.23355102539062,114.93938446044922,107.44547271728516,1.5,1.5,1.5,-1.5,2.0,-2.0,2.0,2.0,0.0,0.0,1.3303745985031128,0.0,0.0,0.0,0.0,0.0,0.0,0.0,0.0,0.0,0.0,0.0,0.0,0.0
20260708_183055_932857,2026-07-08T18:30:56.144,0.211472,policy,20,policy,0.0,0.0,0.0,-0.800000011920929,0.0,0.0,0.0,-0.800000011920929,1.0,fake,0.0,0.0,-1.0,-0.0,0.0,0.0,91.55811309814453,0.0,0.0,12,back:06 front:06,,,,"BL_hip_joint,BR_hip_joint,FL_hip_joint,FR_hip_joint,BL_thigh_joint,BR_thigh_joint,FL_thigh_joint,FR_thigh_joint,BL_calf_joint,BR_calf_joint,FL_calf_joint,FR_calf_joint",330e02f2406e129bb6ed6ec4a6c6bcd5f80d7e7799a2ab087e81eda65d2fae69,"step=000020 mode=policy vx= 0.000 vy= 0.000 vxy= 0.000 yaw=-0.800 speed=1.00 imu=fake tilt_rp=[-0.0,+0.0]deg imu_corr=0.000 act_max= 91.558 tau_cmd= 0.000 tau_cmd_max= 0.000 cmds=12 bus=back:06 front:06 tau_fb=na tau_fb_max=na",0.0,0.0,0.0,0.0,0.0,0.0,0.0,0.0,-1.0,0.0,0.0,-0.800000011920929,1.5,1.5,1.5,-1.5,2.0,-2.0,2.0,2.0,0.0,0.0,1.3303745985031128,0.0,300.0,0.0,300.0,-300.0,400.0,-400.0,400.0,0.0,0.0,200.0,-66.96253967285156,0.0,64.53858184814453,34.885196685791016,18.230846405029297,-110.50167846679688,57.3838996887207,-24.00712013244629,72.28197479248047,32.93303298950195,-47.53770446777344,22.788358688354492,5.321498394012451,38.068199157714844,-36.30021667480469,0.5949902534484863,-91.55811309814453,24.443363189697266,-15.176175117492676,8.899812698364258,-69.12065887451172,62.5071907043457,-29.643983840942383,-11.72989273071289,-5.394965171813965,85.83304595947266,-36.30021667480469,0.5949902534484863,-91.55811309814453,24.443363189697266,-15.176175117492676,8.899812698364258,-69.12065887451172,62.5071907043457,-29.643983840942383,-11.72989273071289,-5.394965171813965,85.83304595947266,1.5,1.5,1.5,-1.5,2.0,-2.0,2.0,2.0,0.0,0.0,1.3303745985031128,0.0,300.0,0.0,300.0,-300.0,400.0,-400.0,400.0,0.0,0.0,200.0,-66.96253967285156,0.0,-1.5,0.14874756336212158,-1.5,1.5,-2.0,2.0,-2.0,2.0,0.0,-2.0,0.0,0.0,0.0,0.0,0.0,0.0,0.0,0.0,0.0,0.0,0.0,0.0,0.0,0.0
20260708_183055_932857,2026-07-08T18:30:56.152,0.219532,policy,21,policy,0.0,0.0,0.0,-0.800000011920929,0.0,0.0,0.0,-0.800000011920929,1.0,fake,0.0,0.0,-1.0,-0.0,0.0,0.0,117.34919738769531,0.0,0.0,12,back:06 front:06,,,,"BL_hip_joint,BR_hip_joint,FL_hip_joint,FR_hip_joint,BL_thigh_joint,BR_thigh_joint,FL_thigh_joint,FR_thigh_joint,BL_calf_joint,BR_calf_joint,FL_calf_joint,FR_calf_joint",330e02f2406e129bb6ed6ec4a6c6bcd5f80d7e7799a2ab087e81eda65d2fae69,"step=000021 mode=policy vx= 0.000 vy= 0.000 vxy= 0.000 yaw=-0.800 speed=1.00 imu=fake tilt_rp=[-0.0,+0.0]deg imu_corr=0.000 act_max= 117.349 tau_cmd= 0.000 tau_cmd_max= 0.000 cmds=12 bus=back:06 front:06 tau_fb=na tau_fb_max=na",0.0,0.0,0.0,0.0,0.0,0.0,0.0,0.0,-1.0,0.0,0.0,-0.800000011920929,-1.5,0.14874756336212158,-1.5,1.5,-2.0,2.0,-2.0,2.0,0.0,-2.0,0.0,0.0,-300.0,-135.125244140625,-300.0,300.0,-400.0,400.0,-400.0,0.0,0.0,-200.0,-133.03746032714844,0.0,-36.30021667480469,0.5949902534484863,-91.55811309814453,24.443363189697266,-15.176175117492676,8.899812698364258,-69.12065887451172,62.5071907043457,-29.643983840942383,-11.72989273071289,-5.394965171813965,85.83304595947266,55.94013977050781,5.135253429412842,-7.977374076843262,-117.34919738769531,75.47615814208984,-26.95021629333496,73.61104583740234,24.657886505126953,-35.521766662597656,18.795028686523438,-2.239384651184082,17.991674423217773,55.94013977050781,5.135253429412842,-7.977374076843262,-117.34919738769531,75.47615814208984,-26.95021629333496,73.61104583740234,24.657886505126953,-35.521766662597656,18.795028686523438,-2.239384651184082,17.991674423217773,-1.5,0.14874756336212158,-1.5,1.5,-2.0,2.0,-2.0,2.0,0.0,-2.0,0.0,0.0,-300.0,-135.125244140625,-300.0,300.0,-400.0,400.0,-400.0,0.0,0.0,-200.0,-133.03746032714844,0.0,1.5,1.2838133573532104,-1.5,-1.5,2.0,-2.0,2.0,2.0,0.0,0.0,0.0,0.0,0.0,0.0,0.0,0.0,0.0,0.0,0.0,0.0,0.0,0.0,0.0,0.0
20260708_183055_932857,2026-07-08T18:30:56.164,0.231789,policy,22,policy,0.0,0.0,0.0,-0.800000011920929,0.0,0.0,0.0,-0.800000011920929,1.0,fake,0.0,0.0,-1.0,-0.0,0.0,0.0,71.15745544433594,0.0,0.0,12,back:06 front:06,,,,"BL_hip_joint,BR_hip_joint,FL_hip_joint,FR_hip_joint,BL_thigh_joint,BR_thigh_joint,FL_thigh_joint,FR_thigh_joint,BL_calf_joint,BR_calf_joint,FL_calf_joint,FR_calf_joint",330e02f2406e129bb6ed6ec4a6c6bcd5f80d7e7799a2ab087e81eda65d2fae69,"step=000022 mode=policy vx= 0.000 vy= 0.000 vxy= 0.000 yaw=-0.800 speed=1.00 imu=fake tilt_rp=[-0.0,+0.0]deg imu_corr=0.000 act_max= 71.157 tau_cmd= 0.000 tau_cmd_max= 0.000 cmds=12 bus=back:06 front:06 tau_fb=na tau_fb_max=na",0.0,0.0,0.0,0.0,0.0,0.0,0.0,0.0,-1.0,0.0,0.0,-0.800000011920929,1.5,1.2838133573532104,-1.5,-1.5,2.0,-2.0,2.0,2.0,0.0,0.0,0.0,0.0,300.0,113.50658416748047,0.0,-300.0,400.0,-400.0,400.0,0.0,0.0,200.0,0.0,0.0,55.94013977050781,5.135253429412842,-7.977374076843262,-117.34919738769531,75.47615814208984,-26.95021629333496,73.61104583740234,24.657886505126953,-35.521766662597656,18.795028686523438,-2.239384651184082,17.991674423217773,-20.080883026123047,24.697275161743164,-26.295671463012695,0.0648127943277359,-0.08972284197807312,-1.4201301336288452,-71.15745544433594,61.257225036621094,-15.716131210327148,17.251007080078125,-20.9779109954834,50.965232849121094,-20.080883026123047,24.697275161743164,-26.295671463012695,0.0648127943277359,-0.08972284197807312,-1.4201301336288452,-71.15745544433594,61.257225036621094,-15.716131210327148,17.251007080078125,-20.9779109954834,50.965232849121094,1.5,1.2838133573532104,-1.5,-1.5,2.0,-2.0,2.0,2.0,0.0,0.0,0.0,0.0,300.0,113.50658416748047,0.0,-300.0,400.0,-400.0,400.0,0.0,0.0,200.0,0.0,0.0,-1.5,1.5,-1.5,0.016203198581933975,-0.02243071049451828,-0.3550325334072113,-2.0,2.0,0.0,0.0,0.0,0.0,0.0,0.0,0.0,0.0,0.0,0.0,0.0,0.0,0.0,0.0,0.0,0.0
20260708_183055_932857,2026-07-08T18:30:56.172,0.239524,policy,23,policy,0.0,0.0,0.0,-0.800000011920929,0.0,0.0,0.0,-0.800000011920929,1.0,fake,0.0,0.0,-1.0,-0.0,0.0,0.0,75.43328857421875,0.0,0.0,12,back:06 front:06,,,,"BL_hip_joint,BR_hip_joint,FL_hip_joint,FR_hip_joint,BL_thigh_joint,BR_thigh_joint,FL_thigh_joint,FR_thigh_joint,BL_calf_joint,BR_calf_joint,FL_calf_joint,FR_calf_joint",330e02f2406e129bb6ed6ec4a6c6bcd5f80d7e7799a2ab087e81eda65d2fae69,"step=000023 mode=policy vx= 0.000 vy= 0.000 vxy= 0.000 yaw=-0.800 speed=1.00 imu=fake tilt_rp=[-0.0,+0.0]deg imu_corr=0.000 act_max= 75.433 tau_cmd= 0.000 tau_cmd_max= 0.000 cmds=12 bus=back:06 front:06 tau_fb=na tau_fb_max=na",0.0,0.0,0.0,0.0,0.0,0.0,0.0,0.0,-1.0,0.0,0.0,-0.800000011920929,-1.5,1.5,-1.5,0.016203198581933975,-0.02243071049451828,-0.3550325334072113,-2.0,2.0,0.0,0.0,0.0,0.0,-300.0,21.61866569519043,0.0,151.6203155517578,-202.24307250976562,164.4967498779297,-400.0,0.0,0.0,0.0,0.0,0.0,-20.080883026123047,24.697275161743164,-26.295671463012695,0.0648127943277359,-0.08972284197807312,-1.4201301336288452,-71.15745544433594,61.257225036621094,-15.716131210327148,17.251007080078125,-20.9779109954834,50.965232849121094,26.903196334838867,1.2063536643981934,-21.158132553100586,-75.43328857421875,26.086862564086914,-18.616809844970703,49.01787185668945,-3.268803358078003,-7.558187007904053,9.648700714111328,9.204663276672363,16.369884490966797,26.903196334838867,1.2063536643981934,-21.158132553100586,-75.43328857421875,26.086862564086914,-18.616809844970703,49.01787185668945,-3.268803358078003,-7.558187007904053,9.648700714111328,9.204663276672363,16.369884490966797,-1.5,1.5,-1.5,0.016203198581933975,-0.02243071049451828,-0.3550325334072113,-2.0,2.0,0.0,0.0,0.0,0.0,-300.0,21.61866569519043,0.0,151.6203155517578,-202.24307250976562,164.4967498779297,-400.0,0.0,0.0,0.0,0.0,0.0,1.5,0.30158841609954834,-1.5,-1.5,2.0,-2.0,2.0,-0.8172008395195007,0.0,0.0,2.0,0.0,0.0,0.0,0.0,0.0,0.0,0.0,0.0,0.0,0.0,0.0,0.0,0.0
20260708_183055_932857,2026-07-08T18:30:56.182,0.249160,policy,24,policy,0.0,0.0,0.0,-0.800000011920929,0.0,0.0,0.0,-0.800000011920929,1.0,fake,0.0,0.0,-1.0,-0.0,0.0,0.0,73.83213806152344,0.0,0.0,12,back:06 front:06,,,,"BL_hip_joint,BR_hip_joint,FL_hip_joint,FR_hip_joint,BL_thigh_joint,BR_thigh_joint,FL_thigh_joint,FR_thigh_joint,BL_calf_joint,BR_calf_joint,FL_calf_joint,FR_calf_joint",330e02f2406e129bb6ed6ec4a6c6bcd5f80d7e7799a2ab087e81eda65d2fae69,"step=000024 mode=policy vx= 0.000 vy= 0.000 vxy= 0.000 yaw=-0.800 speed=1.00 imu=fake tilt_rp=[-0.0,+0.0]deg imu_corr=0.000 act_max= 73.832 tau_cmd= 0.000 tau_cmd_max= 0.000 cmds=12 bus=back:06 front:06 tau_fb=na tau_fb_max=na",0.0,0.0,0.0,0.0,0.0,0.0,0.0,0.0,-1.0,0.0,0.0,-0.800000011920929,1.5,0.30158841609954834,-1.5,-1.5,2.0,-2.0,2.0,-0.8172008395195007,0.0,0.0,2.0,0.0,300.0,-119.8411636352539,0.0,-151.6203155517578,202.24307250976562,-164.4967498779297,400.0,-281.7200927734375,0.0,0.0,200.0,0.0,26.903196334838867,1.2063536643981934,-21.158132553100586,-75.43328857421875,26.086862564086914,-18.616809844970703,49.01787185668945,-3.268803358078003,-7.558187007904053,9.648700714111328,9.204663276672363,16.369884490966797,-42.73206329345703,8.202394485473633,-40.049312591552734,-45.26094436645508,-8.036469459533691,-16.960493087768555,-73.83213806152344,41.25808334350586,-2.667823553085327,7.235414028167725,-9.869236946105957,15.060980796813965,-42.73206329345703,8.202394485473633,-40.049312591552734,-45.26094436645508,-8.036469459533691,-16.960493087768555,-73.83213806152344,41.25808334350586,-2.667823553085327,7.235414028167725,-9.869236946105957,15.060980796813965,1.5,0.30158841609954834,-1.5,-1.5,2.0,-2.0,2.0,-0.8172008395195007,0.0,0.0,2.0,0.0,300.0,-119.8411636352539,0.0,-151.6203155517578,202.24307250976562,-164.4967498779297,400.0,-281.7200927734375,0.0,0.0,200.0,0.0,-1.5,1.5,-1.5,-1.5,-2.0,-2.0,-2.0,2.0,0.0,0.0,0.0,0.0,0.0,0.0,0.0,0.0,0.0,0.0,0.0,0.0,0.0,0.0,0.0,0.0
20260708_183055_932857,2026-07-08T18:30:56.192,0.259163,policy,25,policy,0.0,0.0,0.0,-0.800000011920929,0.0,0.0,0.0,-0.800000011920929,1.0,fake,0.0,0.0,-1.0,-0.0,0.0,0.0,62.39848327636719,0.0,0.0,12,back:06 front:06,,,,"BL_hip_joint,BR_hip_joint,FL_hip_joint,FR_hip_joint,BL_thigh_joint,BR_thigh_joint,FL_thigh_joint,FR_thigh_joint,BL_calf_joint,BR_calf_joint,FL_calf_joint,FR_calf_joint",330e02f2406e129bb6ed6ec4a6c6bcd5f80d7e7799a2ab087e81eda65d2fae69,"step=000025 mode=policy vx= 0.000 vy= 0.000 vxy= 0.000 yaw=-0.800 speed=1.00 imu=fake tilt_rp=[-0.0,+0.0]deg imu_corr=0.000 act_max= 62.398 tau_cmd= 0.000 tau_cmd_max= 0.000 cmds=12 bus=back:06 front:06 tau_fb=na tau_fb_max=na",0.0,0.0,0.0,0.0,0.0,0.0,0.0,0.0,-1.0,0.0,0.0,-0.800000011920929,-1.5,1.5,-1.5,-1.5,-2.0,-2.0,-2.0,2.0,0.0,0.0,0.0,0.0,-300.0,119.8411636352539,0.0,0.0,-400.0,0.0,-400.0,281.7200927734375,0.0,0.0,-200.0,0.0,-42.73206329345703,8.202394485473633,-40.049312591552734,-45.26094436645508,-8.036469459533691,-16.960493087768555,-73.83213806152344,41.25808334350586,-2.667823553085327,7.235414028167725,-9.869236946105957,15.060980796813965,62.39848327636719,-45.88288879394531,17.446361541748047,-49.959739685058594,23.423891067504883,0.3996763825416565,41.376495361328125,-0.34035807847976685,-60.33867645263672,-13.008872985839844,18.828168869018555,2.005094289779663,62.39848327636719,-45.88288879394531,17.446361541748047,-49.959739685058594,23.423891067504883,0.3996763825416565,41.376495361328125,-0.34035807847976685,-60.33867645263672,-13.008872985839844,18.828168869018555,2.005094289779663,-1.5,1.5,-1.5,-1.5,-2.0,-2.0,-2.0,2.0,0.0,0.0,0.0,0.0,-300.0,119.8411636352539,0.0,0.0,-400.0,0.0,-400.0,281.7200927734375,0.0,0.0,-200.0,0.0,1.5,-1.5,1.5,-1.5,2.0,0.09991909563541412,2.0,-0.08508951961994171,0.0,-2.0,2.0,0.0,0.0,0.0,0.0,0.0,0.0,0.0,0.0,0.0,0.0,0.0,0.0,0.0
20260708_183055_932857,2026-07-08T18:30:56.202,0.269530,policy,26,policy,0.0,0.0,0.0,-0.800000011920929,0.0,0.0,0.0,-0.800000011920929,1.0,fake,0.0,0.0,-1.0,-0.0,0.0,0.0,92.76956939697266,0.0,0.0,12,back:06 front:06,,,,"BL_hip_joint,BR_hip_joint,FL_hip_joint,FR_hip_joint,BL_thigh_joint,BR_thigh_joint,FL_thigh_joint,FR_thigh_joint,BL_calf_joint,BR_calf_joint,FL_calf_joint,FR_calf_joint",330e02f2406e129bb6ed6ec4a6c6bcd5f80d7e7799a2ab087e81eda65d2fae69,"step=000026 mode=policy vx= 0.000 vy= 0.000 vxy= 0.000 yaw=-0.800 speed=1.00 imu=fake tilt_rp=[-0.0,+0.0]deg imu_corr=0.000 act_max= 92.770 tau_cmd= 0.000 tau_cmd_max= 0.000 cmds=12 bus=back:06 front:06 tau_fb=na tau_fb_max=na",0.0,0.0,0.0,0.0,0.0,0.0,0.0,0.0,-1.0,0.0,0.0,-0.800000011920929,1.5,-1.5,1.5,-1.5,2.0,0.09991909563541412,2.0,-0.08508951961994171,0.0,-2.0,2.0,0.0,300.0,-300.0,300.0,0.0,400.0,209.99191284179688,400.0,-208.50894165039062,0.0,-200.0,200.0,0.0,62.39848327636719,-45.88288879394531,17.446361541748047,-49.959739685058594,23.423891067504883,0.3996763825416565,41.376495361328125,-0.34035807847976685,-60.33867645263672,-13.008872985839844,18.828168869018555,2.005094289779663,-92.76956939697266,-25.129697799682617,-33.973018646240234,-16.590272903442383,-11.368470191955566,34.03958511352539,-81.4175033569336,92.39242553710938,-28.762617111206055,-39.40656280517578,-2.0535688400268555,45.00204086303711,-92.76956939697266,-25.129697799682617,-33.973018646240234,-16.590272903442383,-11.368470191955566,34.03958511352539,-81.4175033569336,92.39242553710938,-28.762617111206055,-39.40656280517578,-2.0535688400268555,45.00204086303711,1.5,-1.5,1.5,-1.5,2.0,0.09991909563541412,2.0,-0.08508951961994171,0.0,-2.0,2.0,0.0,300.0,-300.0,300.0,0.0,400.0,209.99191284179688,400.0,-208.50894165039062,0.0,-200.0,200.0,0.0,-1.5,-1.5,-1.5,-1.5,-2.0,2.0,-2.0,2.0,0.0,-2.0,0.0,0.0,0.0,0.0,0.0,0.0,0.0,0.0,0.0,0.0,0.0,0.0,0.0,0.0
20260708_183055_932857,2026-07-08T18:30:56.212,0.279839,policy,27,policy,0.0,0.0,0.0,-0.800000011920929,0.0,0.0,0.0,-0.800000011920929,1.0,fake,0.0,0.0,-1.0,-0.0,0.0,0.0,73.78770446777344,0.0,0.0,12,back:06 front:06,,,,"BL_hip_joint,BR_hip_joint,FL_hip_joint,FR_hip_joint,BL_thigh_joint,BR_thigh_joint,FL_thigh_joint,FR_thigh_joint,BL_calf_joint,BR_calf_joint,FL_calf_joint,FR_calf_joint",330e02f2406e129bb6ed6ec4a6c6bcd5f80d7e7799a2ab087e81eda65d2fae69,"step=000027 mode=policy vx= 0.000 vy= 0.000 vxy= 0.000 yaw=-0.800 speed=1.00 imu=fake tilt_rp=[-0.0,+0.0]deg imu_corr=0.000 act_max= 73.788 tau_cmd= 0.000 tau_cmd_max= 0.000 cmds=12 bus=back:06 front:06 tau_fb=na tau_fb_max=na",0.0,0.0,0.0,0.0,0.0,0.0,0.0,0.0,-1.0,0.0,0.0,-0.800000011920929,-1.5,-1.5,-1.5,-1.5,-2.0,2.0,-2.0,2.0,0.0,-2.0,0.0,0.0,-300.0,0.0,-300.0,0.0,-400.0,190.0081024169922,-400.0,208.50894165039062,0.0,0.0,-200.0,0.0,-92.76956939697266,-25.129697799682617,-33.973018646240234,-16.590272903442383,-11.368470191955566,34.03958511352539,-81.4175033569336,92.39242553710938,-28.762617111206055,-39.40656280517578,-2.0535688400268555,45.00204086303711,59.00627136230469,-23.786998748779297,25.11006736755371,-73.78770446777344,40.977481842041016,-17.084518432617188,61.489097595214844,10.919118881225586,-51.64891052246094,-12.327411651611328,-0.572334885597229,6.688035488128662,59.00627136230469,-23.786998748779297,25.11006736755371,-73.78770446777344,40.977481842041016,-17.084518432617188,61.489097595214844,10.919118881225586,-51.64891052246094,-12.327411651611328,-0.572334885597229,6.688035488128662,-1.5,-1.5,-1.5,-1.5,-2.0,2.0,-2.0,2.0,0.0,-2.0,0.0,0.0,-300.0,0.0,-300.0,0.0,-400.0,190.0081024169922,-400.0,208.50894165039062,0.0,0.0,-200.0,0.0,1.5,-1.5,1.5,-1.5,2.0,-2.0,2.0,2.0,0.0,-2.0,0.0,0.0,0.0,0.0,0.0,0.0,0.0,0.0,0.0,0.0,0.0,0.0,0.0,0.0
20260708_183055_932857,2026-07-08T18:30:56.222,0.289669,policy,28,policy,0.0,0.0,0.0,-0.800000011920929,0.0,0.0,0.0,-0.800000011920929,1.0,fake,0.0,0.0,-1.0,-0.0,0.0,0.0,98.83238220214844,0.0,0.0,12,back:06 front:06,,,,"BL_hip_joint,BR_hip_joint,FL_hip_joint,FR_hip_joint,BL_thigh_joint,BR_thigh_joint,FL_thigh_joint,FR_thigh_joint,BL_calf_joint,BR_calf_joint,FL_calf_joint,FR_calf_joint",330e02f2406e129bb6ed6ec4a6c6bcd5f80d7e7799a2ab087e81eda65d2fae69,"step=000028 mode=policy vx= 0.000 vy= 0.000 vxy= 0.000 yaw=-0.800 speed=1.00 imu=fake tilt_rp=[-0.0,+0.0]deg imu_corr=0.000 act_max= 98.832 tau_cmd= 0.000 tau_cmd_max= 0.000 cmds=12 bus=back:06 front:06 tau_fb=na tau_fb_max=na",0.0,0.0,0.0,0.0,0.0,0.0,0.0,0.0,-1.0,0.0,0.0,-0.800000011920929,1.5,-1.5,1.5,-1.5,2.0,-2.0,2.0,2.0,0.0,-2.0,0.0,0.0,300.0,0.0,300.0,0.0,400.0,-400.0,400.0,0.0,0.0,0.0,0.0,0.0,59.00627136230469,-23.786998748779297,25.11006736755371,-73.78770446777344,40.977481842041016,-17.084518432617188,61.489097595214844,10.919118881225586,-51.64891052246094,-12.327411651611328,-0.572334885597229,6.688035488128662,-44.46131134033203,6.27034330368042,-92.10652160644531,45.90761947631836,-9.683796882629395,30.131099700927734,-29.598121643066406,40.27615737915039,-51.79356002807617,-42.54829025268555,10.779349327087402,98.83238220214844,-44.46131134033203,6.27034330368042,-92.10652160644531,45.90761947631836,-9.683796882629395,30.131099700927734,-29.598121643066406,40.27615737915039,-51.79356002807617,-42.54829025268555,10.779349327087402,98.83238220214844,1.5,-1.5,1.5,-1.5,2.0,-2.0,2.0,2.0,0.0,-2.0,0.0,0.0,300.0,0.0,300.0,0.0,400.0,-400.0,400.0,0.0,0.0,0.0,0.0,0.0,-1.5,1.5,-1.5,1.5,-2.0,2.0,-2.0,2.0,0.0,-2.0,2.0,0.0,0.0,0.0,0.0,0.0,0.0,0.0,0.0,0.0,0.0,0.0,0.0,0.0
20260708_183055_932857,2026-07-08T18:30:56.233,0.300846,policy,29,policy,0.0,0.0,0.0,-0.800000011920929,0.0,0.0,0.0,-0.800000011920929,1.0,fake,0.0,0.0,-1.0,-0.0,0.0,0.0,96.15193939208984,0.0,0.0,12,back:06 front:06,,,,"BL_hip_joint,BR_hip_joint,FL_hip_joint,FR_hip_joint,BL_thigh_joint,BR_thigh_joint,FL_thigh_joint,FR_thigh_joint,BL_calf_joint,BR_calf_joint,FL_calf_joint,FR_calf_joint",330e02f2406e129bb6ed6ec4a6c6bcd5f80d7e7799a2ab087e81eda65d2fae69,"step=000029 mode=policy vx= 0.000 vy= 0.000 vxy= 0.000 yaw=-0.800 speed=1.00 imu=fake tilt_rp=[-0.0,+0.0]deg imu_corr=0.000 act_max= 96.152 tau_cmd= 0.000 tau_cmd_max= 0.000 cmds=12 bus=back:06 front:06 tau_fb=na tau_fb_max=na",0.0,0.0,0.0,0.0,0.0,0.0,0.0,0.0,-1.0,0.0,0.0,-0.800000011920929,-1.5,1.5,-1.5,1.5,-2.0,2.0,-2.0,2.0,0.0,-2.0,2.0,0.0,-300.0,300.0,-300.0,300.0,-400.0,400.0,-400.0,0.0,0.0,0.0,200.0,0.0,-44.46131134033203,6.27034330368042,-92.10652160644531,45.90761947631836,-9.683796882629395,30.131099700927734,-29.598121643066406,40.27615737915039,-51.79356002807617,-42.54829025268555,10.779349327087402,98.83238220214844,57.89314651489258,25.392868041992188,17.68836212158203,-96.15193939208984,53.392513275146484,-22.62735939025879,71.6757583618164,21.957759857177734,-41.13512420654297,18.287729263305664,5.648304462432861,29.056196212768555,57.89314651489258,25.392868041992188,17.68836212158203,-96.15193939208984,53.392513275146484,-22.62735939025879,71.6757583618164,21.957759857177734,-41.13512420654297,18.287729263305664,5.648304462432861,29.056196212768555,-1.5,1.5,-1.5,1.5,-2.0,2.0,-2.0,2.0,0.0,-2.0,2.0,0.0,-300.0,300.0,-300.0,300.0,-400.0,400.0,-400.0,0.0,0.0,0.0,200.0,0.0,1.5,1.5,1.5,-1.5,2.0,-2.0,2.0,2.0,0.0,0.0,1.4120761156082153,0.0,0.0,0.0,0.0,0.0,0.0,0.0,0.0,0.0,0.0,0.0,0.0,0.0
